[ {
  "uid" : "e8ddcde23cd132d7",
  "name" : "投手数据",
  "time" : {
    "start" : 1648625644135,
    "stop" : 1648625645448,
    "duration" : 1313
  },
  "status" : "failed",
  "severity" : "normal"
}, {
  "uid" : "8485ece1a1c8a515",
  "name" : "渠道数据",
  "time" : {
    "start" : 1648625641416,
    "stop" : 1648625642676,
    "duration" : 1260
  },
  "status" : "passed",
  "severity" : "normal"
}, {
  "uid" : "bf9543fc37f36d47",
  "name" : "计划数据",
  "time" : {
    "start" : 1648625646712,
    "stop" : 1648625649485,
    "duration" : 2773
  },
  "status" : "passed",
  "severity" : "normal"
}, {
  "uid" : "a9b571847c42b34d",
  "name" : "商品数据",
  "time" : {
    "start" : 1648625649488,
    "stop" : 1648625650494,
    "duration" : 1006
  },
  "status" : "failed",
  "severity" : "normal"
}, {
  "uid" : "a39516dfe299d493",
  "name" : "落地页数据",
  "time" : {
    "start" : 1648625651258,
    "stop" : 1648625652403,
    "duration" : 1145
  },
  "status" : "failed",
  "severity" : "normal"
}, {
  "uid" : "ffd896874ad86080",
  "name" : "素材数据",
  "time" : {
    "start" : 1648625650504,
    "stop" : 1648625651255,
    "duration" : 751
  },
  "status" : "passed",
  "severity" : "normal"
}, {
  "uid" : "dc467a58c180784b",
  "name" : "代理商数据",
  "time" : {
    "start" : 1648625642679,
    "stop" : 1648625643988,
    "duration" : 1309
  },
  "status" : "failed",
  "severity" : "normal"
}, {
  "uid" : "972de32563b5d183",
  "name" : "MP数据",
  "time" : {
    "start" : 1648625652412,
    "stop" : 1648625652656,
    "duration" : 244
  },
  "status" : "failed",
  "severity" : "normal"
}, {
  "uid" : "eb8579b8ca9c3446",
  "name" : "账号数据",
  "time" : {
    "start" : 1648625645457,
    "stop" : 1648625646709,
    "duration" : 1252
  },
  "status" : "passed",
  "severity" : "normal"
}, {
  "uid" : "53961cc337b73b9",
  "name" : "素材分析",
  "time" : {
    "start" : 1648625652666,
    "stop" : 1648625655780,
    "duration" : 3114
  },
  "status" : "passed",
  "severity" : "normal"
}, {
  "uid" : "1f064cbd291b80d3",
  "name" : "价格包数据",
  "time" : {
    "start" : 1648625640097,
    "stop" : 1648625641413,
    "duration" : 1316
  },
  "status" : "passed",
  "severity" : "normal"
} ]