{
  "5777368728cab34aec99bce292e15e60" : {
    "statistic" : {
      "failed" : 1,
      "broken" : 0,
      "skipped" : 0,
      "passed" : 0,
      "unknown" : 0,
      "total" : 1
    },
    "items" : [ {
      "uid" : "a39516dfe299d493",
      "status" : "failed",
      "statusDetails" : "AssertionError: 第1个断言失败 -|- 实际结果:2677240.83 || 预期结果: 3209085.84",
      "time" : {
        "start" : 1648625651258,
        "stop" : 1648625652403,
        "duration" : 1145
      }
    } ]
  },
  "9b58e419aa66c81ba5e26368887473ad" : {
    "statistic" : {
      "failed" : 0,
      "broken" : 0,
      "skipped" : 0,
      "passed" : 1,
      "unknown" : 0,
      "total" : 1
    },
    "items" : [ {
      "uid" : "bf9543fc37f36d47",
      "status" : "passed",
      "time" : {
        "start" : 1648625646712,
        "stop" : 1648625649485,
        "duration" : 2773
      }
    } ]
  },
  "25f6ba9e78828713a480fcdbed4cfa82" : {
    "statistic" : {
      "failed" : 1,
      "broken" : 0,
      "skipped" : 0,
      "passed" : 0,
      "unknown" : 0,
      "total" : 1
    },
    "items" : [ {
      "uid" : "972de32563b5d183",
      "status" : "failed",
      "statusDetails" : "AssertionError: 第1个断言失败 -|- 实际结果:1147926.0 || 预期结果: 3209085.84",
      "time" : {
        "start" : 1648625652412,
        "stop" : 1648625652656,
        "duration" : 244
      }
    } ]
  },
  "e48abca8fb0895e685397860fb6393f1" : {
    "statistic" : {
      "failed" : 0,
      "broken" : 0,
      "skipped" : 0,
      "passed" : 1,
      "unknown" : 0,
      "total" : 1
    },
    "items" : [ {
      "uid" : "ffd896874ad86080",
      "status" : "passed",
      "time" : {
        "start" : 1648625650504,
        "stop" : 1648625651255,
        "duration" : 751
      }
    } ]
  },
  "3a098e261ee7b9115a8be890393002aa" : {
    "statistic" : {
      "failed" : 1,
      "broken" : 0,
      "skipped" : 0,
      "passed" : 0,
      "unknown" : 0,
      "total" : 1
    },
    "items" : [ {
      "uid" : "dc467a58c180784b",
      "status" : "failed",
      "statusDetails" : "AssertionError: 第1个断言失败 -|- 实际结果:1946259.28 || 预期结果: 3209085.84",
      "time" : {
        "start" : 1648625642679,
        "stop" : 1648625643988,
        "duration" : 1309
      }
    } ]
  },
  "94c53f645702c06e17118fd92e09f479" : {
    "statistic" : {
      "failed" : 1,
      "broken" : 0,
      "skipped" : 0,
      "passed" : 0,
      "unknown" : 0,
      "total" : 1
    },
    "items" : [ {
      "uid" : "a9b571847c42b34d",
      "status" : "failed",
      "statusDetails" : "AssertionError: 第1个断言失败 -|- 实际结果:3057159.68 || 预期结果: 3209085.84",
      "time" : {
        "start" : 1648625649488,
        "stop" : 1648625650494,
        "duration" : 1006
      }
    } ]
  },
  "f9a3a528aa08d345b131e068670a2332" : {
    "statistic" : {
      "failed" : 1,
      "broken" : 0,
      "skipped" : 0,
      "passed" : 0,
      "unknown" : 0,
      "total" : 1
    },
    "items" : [ {
      "uid" : "e8ddcde23cd132d7",
      "status" : "failed",
      "statusDetails" : "AssertionError: 第1个断言失败 -|- 实际结果:1184017.01 || 预期结果: 3209085.84",
      "time" : {
        "start" : 1648625644135,
        "stop" : 1648625645448,
        "duration" : 1313
      }
    } ]
  },
  "0d3dd93f9d173bd3e59f983349bd1202" : {
    "statistic" : {
      "failed" : 0,
      "broken" : 0,
      "skipped" : 0,
      "passed" : 1,
      "unknown" : 0,
      "total" : 1
    },
    "items" : [ {
      "uid" : "53961cc337b73b9",
      "status" : "passed",
      "time" : {
        "start" : 1648625652666,
        "stop" : 1648625655780,
        "duration" : 3114
      }
    } ]
  },
  "d5345d39adc3d02ffcaf8f15af49ab18" : {
    "statistic" : {
      "failed" : 0,
      "broken" : 0,
      "skipped" : 0,
      "passed" : 1,
      "unknown" : 0,
      "total" : 1
    },
    "items" : [ {
      "uid" : "8485ece1a1c8a515",
      "status" : "passed",
      "time" : {
        "start" : 1648625641416,
        "stop" : 1648625642676,
        "duration" : 1260
      }
    } ]
  },
  "8174f8ecb1004db16679a852ff5f760a" : {
    "statistic" : {
      "failed" : 0,
      "broken" : 0,
      "skipped" : 0,
      "passed" : 1,
      "unknown" : 0,
      "total" : 1
    },
    "items" : [ {
      "uid" : "1f064cbd291b80d3",
      "status" : "passed",
      "time" : {
        "start" : 1648625640097,
        "stop" : 1648625641413,
        "duration" : 1316
      }
    } ]
  },
  "0739167ffd7bddb403117cdf6fcb588f" : {
    "statistic" : {
      "failed" : 0,
      "broken" : 0,
      "skipped" : 0,
      "passed" : 1,
      "unknown" : 0,
      "total" : 1
    },
    "items" : [ {
      "uid" : "eb8579b8ca9c3446",
      "status" : "passed",
      "time" : {
        "start" : 1648625645457,
        "stop" : 1648625646709,
        "duration" : 1252
      }
    } ]
  }
}