{
  "uid" : "b1a8273437954620fa374b796ffaacdd",
  "name" : "behaviors",
  "children" : [ {
    "name" : "价格包数据",
    "uid" : "1f064cbd291b80d3",
    "parentUid" : "b1a8273437954620fa374b796ffaacdd",
    "status" : "passed",
    "time" : {
      "start" : 1648625640097,
      "stop" : 1648625641413,
      "duration" : 1316
    },
    "flaky" : false,
    "newFailed" : false,
    "parameters" : [ "['c1', '价格包数据', '', '/advertising/data/price', 'post', 'json', '', '{\"tid\":17,\"page\":1,\"limit\":10,\"project_id\":1,\"camp_id\":100693,\"term_id\":105297,\"begin_time\":\"2022-03-02\",\"end_time\":\"2022-03-06\"}', '', '', '{\"$.data.content[0].total_cost\":3209085.84}']" ]
  }, {
    "name" : "渠道数据",
    "uid" : "8485ece1a1c8a515",
    "parentUid" : "b1a8273437954620fa374b796ffaacdd",
    "status" : "passed",
    "time" : {
      "start" : 1648625641416,
      "stop" : 1648625642676,
      "duration" : 1260
    },
    "flaky" : false,
    "newFailed" : false,
    "parameters" : [ "['c2', '渠道数据', '', '/advertising/data/aisle', 'post', 'json', '', '{\"tid\":17,\"page\":1,\"limit\":20,\"project_id\":1,\"camp_id\":100693,\"term_id\":105297,\"begin_time\":\"2022-03-02\",\"end_time\":\"2022-03-06\"}', '', '', '{\"$.data.content[0].total_cost\":3209085.84}']" ]
  }, {
    "name" : "代理商数据",
    "uid" : "dc467a58c180784b",
    "parentUid" : "b1a8273437954620fa374b796ffaacdd",
    "status" : "failed",
    "time" : {
      "start" : 1648625642679,
      "stop" : 1648625643988,
      "duration" : 1309
    },
    "flaky" : false,
    "newFailed" : false,
    "parameters" : [ "['c3', '代理商数据', '', '/advertising/data/agent', 'post', 'json', '', '{\"tid\":17,\"page\":1,\"limit\":20,\"project_id\":1,\"camp_id\":100693,\"term_id\":105297,\"begin_time\":\"2022-03-02\",\"end_time\":\"2022-03-06\"}', '', '', '{\"$.data.content[0].total_cost\":3209085.84}']" ]
  }, {
    "name" : "投手数据",
    "uid" : "e8ddcde23cd132d7",
    "parentUid" : "b1a8273437954620fa374b796ffaacdd",
    "status" : "failed",
    "time" : {
      "start" : 1648625644135,
      "stop" : 1648625645448,
      "duration" : 1313
    },
    "flaky" : false,
    "newFailed" : false,
    "parameters" : [ "['c4', '投手数据', '', '/advertising/data/pitcher', 'post', 'json', '', '{\"tid\":17,\"page\":1,\"limit\":20,\"project_id\":1,\"camp_id\":100693,\"term_id\":105297,\"begin_time\":\"2022-03-02\",\"end_time\":\"2022-03-06\"}', '', '', '{\"$.data.content[0].total_cost\":3209085.84}']" ]
  }, {
    "name" : "账号数据",
    "uid" : "eb8579b8ca9c3446",
    "parentUid" : "b1a8273437954620fa374b796ffaacdd",
    "status" : "passed",
    "time" : {
      "start" : 1648625645457,
      "stop" : 1648625646709,
      "duration" : 1252
    },
    "flaky" : false,
    "newFailed" : false,
    "parameters" : [ "['c5', '账号数据', '', '/advertising/data/ad_account', 'post', 'json', '', '{\"tid\":17,\"page\":1,\"limit\":20,\"project_id\":1,\"camp_id\":100693,\"term_id\":105297,\"begin_time\":\"2022-03-02\",\"end_time\":\"2022-03-06\"}', '', '', '{\"$.data.content[0].total_cost\":3209085.84}']" ]
  }, {
    "name" : "计划数据",
    "uid" : "bf9543fc37f36d47",
    "parentUid" : "b1a8273437954620fa374b796ffaacdd",
    "status" : "passed",
    "time" : {
      "start" : 1648625646712,
      "stop" : 1648625649485,
      "duration" : 2773
    },
    "flaky" : false,
    "newFailed" : false,
    "parameters" : [ "['c6', '计划数据', '', '/advertising/data/plan', 'post', 'json', '', '{\"tid\":17,\"page\":1,\"limit\":20,\"project_id\":1,\"camp_id\":100693,\"term_id\":105297,\"begin_time\":\"2022-03-02\",\"end_time\":\"2022-03-06\"}', '', '', '{\"$.data.content[0].total_cost\":3209085.84}']" ]
  }, {
    "name" : "商品数据",
    "uid" : "a9b571847c42b34d",
    "parentUid" : "b1a8273437954620fa374b796ffaacdd",
    "status" : "failed",
    "time" : {
      "start" : 1648625649488,
      "stop" : 1648625650494,
      "duration" : 1006
    },
    "flaky" : false,
    "newFailed" : false,
    "parameters" : [ "['c7', '商品数据', '', '/advertising/data/product', 'post', 'json', '', '{\"tid\":17,\"page\":1,\"limit\":20,\"project_id\":1,\"camp_id\":100693,\"term_id\":105297,\"begin_time\":\"2022-03-02\",\"end_time\":\"2022-03-06\"}', '', '', '{\"$.data.content[0].total_cost\":3209085.84}']" ]
  }, {
    "name" : "素材数据",
    "uid" : "ffd896874ad86080",
    "parentUid" : "b1a8273437954620fa374b796ffaacdd",
    "status" : "passed",
    "time" : {
      "start" : 1648625650504,
      "stop" : 1648625651255,
      "duration" : 751
    },
    "flaky" : false,
    "newFailed" : false,
    "parameters" : [ "['c8', '素材数据', '', '/advertising/data/material', 'post', 'json', '', '{\"tid\":17,\"page\":1,\"limit\":20,\"project_id\":1,\"camp_id\":100693,\"term_id\":105297,\"begin_time\":\"2022-03-02\",\"end_time\":\"2022-03-06\"}', '', '', '{\"$.data.content[0].total_cost\":3209085.84}']" ]
  }, {
    "name" : "落地页数据",
    "uid" : "a39516dfe299d493",
    "parentUid" : "b1a8273437954620fa374b796ffaacdd",
    "status" : "failed",
    "time" : {
      "start" : 1648625651258,
      "stop" : 1648625652403,
      "duration" : 1145
    },
    "flaky" : false,
    "newFailed" : false,
    "parameters" : [ "['c9', '落地页数据', '', '/advertising/data/put_page', 'post', 'json', '', '{\"tid\":17,\"page\":1,\"limit\":20,\"project_id\":1,\"camp_id\":100693,\"term_id\":105297,\"begin_time\":\"2022-03-02\",\"end_time\":\"2022-03-06\"}', '', '', '{\"$.data.content[0].total_cost\":3209085.84}']" ]
  }, {
    "name" : "MP数据",
    "uid" : "972de32563b5d183",
    "parentUid" : "b1a8273437954620fa374b796ffaacdd",
    "status" : "failed",
    "time" : {
      "start" : 1648625652412,
      "stop" : 1648625652656,
      "duration" : 244
    },
    "flaky" : false,
    "newFailed" : false,
    "parameters" : [ "['c10', 'MP数据', '', '/advertising/data/mp', 'post', 'json', '', '{\"tid\":17,\"page\":1,\"limit\":20,\"project_id\":1,\"camp_id\":100693,\"term_id\":105297,\"begin_time\":\"2022-03-02\",\"end_time\":\"2022-03-06\"}', '', '', '{\"$.data.content[0].total_cost\":3209085.84}']" ]
  }, {
    "name" : "素材分析",
    "uid" : "53961cc337b73b9",
    "parentUid" : "b1a8273437954620fa374b796ffaacdd",
    "status" : "passed",
    "time" : {
      "start" : 1648625652666,
      "stop" : 1648625655780,
      "duration" : 3114
    },
    "flaky" : false,
    "newFailed" : false,
    "parameters" : [ "['c11', '素材分析', '', '/advertising/data/total_material_analyze', 'post', 'json', '', '{\"tid\":17,\"page\":1,\"limit\":20,\"project_id\":1,\"camp_id\":100693,\"term_id\":102402,\"begin_time\":\"2021-10-11\",\"end_time\":\"2021-10-17\",\"begin\":105297,\"end\":105297}', '', '', '{\"$.data.content[0].total_cost\":3162130.19}']" ]
  } ]
}