{
  "uid" : "4b4757e66a1912dae1a509f688f20b0f",
  "name" : "categories",
  "children" : [ {
    "name" : "Product defects",
    "children" : [ {
      "name" : "AssertionError: 第1个断言失败 -|- 实际结果:1946259.28 || 预期结果: 3209085.84",
      "children" : [ {
        "name" : "代理商数据",
        "uid" : "dc467a58c180784b",
        "parentUid" : "8b8efbfc38e2e0d1235c1b765c653efb",
        "status" : "failed",
        "time" : {
          "start" : 1648625642679,
          "stop" : 1648625643988,
          "duration" : 1309
        },
        "flaky" : false,
        "newFailed" : false,
        "parameters" : [ "['c3', '代理商数据', '', '/advertising/data/agent', 'post', 'json', '', '{\"tid\":17,\"page\":1,\"limit\":20,\"project_id\":1,\"camp_id\":100693,\"term_id\":105297,\"begin_time\":\"2022-03-02\",\"end_time\":\"2022-03-06\"}', '', '', '{\"$.data.content[0].total_cost\":3209085.84}']" ]
      } ],
      "uid" : "8b8efbfc38e2e0d1235c1b765c653efb"
    }, {
      "name" : "AssertionError: 第1个断言失败 -|- 实际结果:1184017.01 || 预期结果: 3209085.84",
      "children" : [ {
        "name" : "投手数据",
        "uid" : "e8ddcde23cd132d7",
        "parentUid" : "bbb2ac46e0751be93d11436d6a0ba7a0",
        "status" : "failed",
        "time" : {
          "start" : 1648625644135,
          "stop" : 1648625645448,
          "duration" : 1313
        },
        "flaky" : false,
        "newFailed" : false,
        "parameters" : [ "['c4', '投手数据', '', '/advertising/data/pitcher', 'post', 'json', '', '{\"tid\":17,\"page\":1,\"limit\":20,\"project_id\":1,\"camp_id\":100693,\"term_id\":105297,\"begin_time\":\"2022-03-02\",\"end_time\":\"2022-03-06\"}', '', '', '{\"$.data.content[0].total_cost\":3209085.84}']" ]
      } ],
      "uid" : "bbb2ac46e0751be93d11436d6a0ba7a0"
    }, {
      "name" : "AssertionError: 第1个断言失败 -|- 实际结果:3057159.68 || 预期结果: 3209085.84",
      "children" : [ {
        "name" : "商品数据",
        "uid" : "a9b571847c42b34d",
        "parentUid" : "2e816d74fdd7d9efc62d3ca6496db625",
        "status" : "failed",
        "time" : {
          "start" : 1648625649488,
          "stop" : 1648625650494,
          "duration" : 1006
        },
        "flaky" : false,
        "newFailed" : false,
        "parameters" : [ "['c7', '商品数据', '', '/advertising/data/product', 'post', 'json', '', '{\"tid\":17,\"page\":1,\"limit\":20,\"project_id\":1,\"camp_id\":100693,\"term_id\":105297,\"begin_time\":\"2022-03-02\",\"end_time\":\"2022-03-06\"}', '', '', '{\"$.data.content[0].total_cost\":3209085.84}']" ]
      } ],
      "uid" : "2e816d74fdd7d9efc62d3ca6496db625"
    }, {
      "name" : "AssertionError: 第1个断言失败 -|- 实际结果:2677240.83 || 预期结果: 3209085.84",
      "children" : [ {
        "name" : "落地页数据",
        "uid" : "a39516dfe299d493",
        "parentUid" : "9b17d83c12ac906fd29e544c22b28d54",
        "status" : "failed",
        "time" : {
          "start" : 1648625651258,
          "stop" : 1648625652403,
          "duration" : 1145
        },
        "flaky" : false,
        "newFailed" : false,
        "parameters" : [ "['c9', '落地页数据', '', '/advertising/data/put_page', 'post', 'json', '', '{\"tid\":17,\"page\":1,\"limit\":20,\"project_id\":1,\"camp_id\":100693,\"term_id\":105297,\"begin_time\":\"2022-03-02\",\"end_time\":\"2022-03-06\"}', '', '', '{\"$.data.content[0].total_cost\":3209085.84}']" ]
      } ],
      "uid" : "9b17d83c12ac906fd29e544c22b28d54"
    }, {
      "name" : "AssertionError: 第1个断言失败 -|- 实际结果:1147926.0 || 预期结果: 3209085.84",
      "children" : [ {
        "name" : "MP数据",
        "uid" : "972de32563b5d183",
        "parentUid" : "0f7510decd96b607dbfafbfb3b5ec9d3",
        "status" : "failed",
        "time" : {
          "start" : 1648625652412,
          "stop" : 1648625652656,
          "duration" : 244
        },
        "flaky" : false,
        "newFailed" : false,
        "parameters" : [ "['c10', 'MP数据', '', '/advertising/data/mp', 'post', 'json', '', '{\"tid\":17,\"page\":1,\"limit\":20,\"project_id\":1,\"camp_id\":100693,\"term_id\":105297,\"begin_time\":\"2022-03-02\",\"end_time\":\"2022-03-06\"}', '', '', '{\"$.data.content[0].total_cost\":3209085.84}']" ]
      } ],
      "uid" : "0f7510decd96b607dbfafbfb3b5ec9d3"
    } ],
    "uid" : "8fb3a91ba5aaf9de24cc8a92edc82b5d"
  } ]
}