"Status","Start Time","Stop Time","Duration in ms","Parent Suite","Suite","Sub Suite","Test Class","Test Method","Name","Description"
"failed","Wed Mar 30 15:34:11 CST 2022","Wed Mar 30 15:34:12 CST 2022","1145","test","test_api","","","","落地页数据",""
"passed","Wed Mar 30 15:34:05 CST 2022","Wed Mar 30 15:34:06 CST 2022","1252","test","test_api","","","","账号数据",""
"failed","Wed Mar 30 15:34:04 CST 2022","Wed Mar 30 15:34:05 CST 2022","1313","test","test_api","","","","投手数据",""
"failed","Wed Mar 30 15:34:02 CST 2022","Wed Mar 30 15:34:03 CST 2022","1309","test","test_api","","","","代理商数据",""
"passed","Wed Mar 30 15:34:12 CST 2022","Wed Mar 30 15:34:15 CST 2022","3114","test","test_api","","","","素材分析",""
"passed","Wed Mar 30 15:34:00 CST 2022","Wed Mar 30 15:34:01 CST 2022","1316","test","test_api","","","","价格包数据",""
"failed","Wed Mar 30 15:34:09 CST 2022","Wed Mar 30 15:34:10 CST 2022","1006","test","test_api","","","","商品数据",""
"passed","Wed Mar 30 15:34:01 CST 2022","Wed Mar 30 15:34:02 CST 2022","1260","test","test_api","","","","渠道数据",""
"passed","Wed Mar 30 15:34:06 CST 2022","Wed Mar 30 15:34:09 CST 2022","2773","test","test_api","","","","计划数据",""
"passed","Wed Mar 30 15:34:10 CST 2022","Wed Mar 30 15:34:11 CST 2022","751","test","test_api","","","","素材数据",""
"failed","Wed Mar 30 15:34:12 CST 2022","Wed Mar 30 15:34:12 CST 2022","244","test","test_api","","","","MP数据",""
